{"cameraMode":{"drawMode":0,"name":"Shaded","section":"Shading Mode"},"sceneLighting":false,"audioPlay":false,"sceneViewState":{"showFog":true,"showMaterialUpdate":false,"showSkybox":false,"showFlares":true,"showImageEffects":true,"showParticleSystems":true},"in2DMode":false,"pivot":{"x":-0.5303654670715332,"y":0.5744431614875794,"z":1.8857470750808716},"rotation":{"x":0.34556612372398379,"y":-0.6189320087432861,"z":0.34891217947006228,"w":0.613041877746582},"size":2.857893466949463,"orthographic":false}