{"cameraMode":{"drawMode":0,"name":"Shaded","section":"Shading Mode"},"sceneLighting":false,"audioPlay":false,"sceneViewState":{"showFog":true,"showMaterialUpdate":false,"showSkybox":false,"showFlares":true,"showImageEffects":true,"showParticleSystems":true},"in2DMode":false,"pivot":{"x":-2.125519275665283,"y":-5.398462295532227,"z":12.02412223815918},"rotation":{"x":0.20926403999328614,"y":-0.0791022777557373,"z":0.01693587750196457,"w":0.9745635986328125},"size":7.870314598083496,"orthographic":false}