{"cameraMode":{"drawMode":0,"name":"Shaded","section":"Shading Mode"},"sceneLighting":false,"audioPlay":false,"sceneViewState":{"showFog":true,"showMaterialUpdate":false,"showSkybox":false,"showFlares":true,"showImageEffects":true,"showParticleSystems":true},"in2DMode":false,"pivot":{"x":-0.3749506175518036,"y":0.2634899914264679,"z":-0.47159236669540408},"rotation":{"x":0.06677854806184769,"y":0.509257972240448,"z":-0.03959529846906662,"w":0.8571693897247315},"size":1.2297559976577759,"orthographic":false}