{"cameraMode":{"drawMode":0,"name":"Shaded","section":"Shading Mode"},"sceneLighting":true,"audioPlay":false,"sceneViewState":{"showFog":true,"showMaterialUpdate":false,"showSkybox":false,"showFlares":true,"showImageEffects":true,"showParticleSystems":true},"in2DMode":false,"pivot":{"x":-0.32463720440864565,"y":0.15336215496063233,"z":0.5335841178894043},"rotation":{"x":-0.010681374929845333,"y":0.9834353923797607,"z":-0.1701395958662033,"w":-0.06174182891845703},"size":2.003100872039795,"orthographic":false}