{"cameraMode":{"drawMode":0,"name":"Shaded","section":"Shading Mode"},"sceneLighting":false,"audioPlay":false,"sceneViewState":{"showFog":true,"showMaterialUpdate":false,"showSkybox":false,"showFlares":true,"showImageEffects":true,"showParticleSystems":true},"in2DMode":false,"pivot":{"x":30.45172882080078,"y":-45.787071228027347,"z":-16.190038681030275},"rotation":{"x":0.23702184855937959,"y":0.7609215378761292,"z":-0.39384928345680239,"w":0.4579966962337494},"size":30.694154739379884,"orthographic":false}