{"cameraMode":{"drawMode":0,"name":"Shaded","section":"Shading Mode"},"sceneLighting":false,"audioPlay":false,"sceneViewState":{"showFog":true,"showMaterialUpdate":false,"showSkybox":false,"showFlares":true,"showImageEffects":true,"showParticleSystems":true},"in2DMode":false,"pivot":{"x":-0.9007333517074585,"y":1.0993804931640626,"z":0.40742263197898867},"rotation":{"x":0.12720243632793427,"y":0.7284069657325745,"z":-0.14068031311035157,"w":0.658425509929657},"size":2.084747791290283,"orthographic":false}