{"cameraMode":{"drawMode":0,"name":"Shaded","section":"Shading Mode"},"sceneLighting":false,"audioPlay":false,"sceneViewState":{"showFog":true,"showMaterialUpdate":false,"showSkybox":false,"showFlares":true,"showImageEffects":true,"showParticleSystems":true},"in2DMode":false,"pivot":{"x":-0.0360107421875,"y":3.0579833984375,"z":-0.0709991455078125},"rotation":{"x":-0.0683029294013977,"y":-0.5391343832015991,"z":0.04395204037427902,"w":-0.8383481502532959},"size":284.0188903808594,"orthographic":false}