{"cameraMode":{"drawMode":0,"name":"Shaded","section":"Shading Mode"},"sceneLighting":true,"audioPlay":false,"sceneViewState":{"showFog":true,"showMaterialUpdate":false,"showSkybox":true,"showFlares":true,"showImageEffects":true,"showParticleSystems":true},"in2DMode":false,"pivot":{"x":1.4704222679138184,"y":3.8558332920074465,"z":2.0363564491271974},"rotation":{"x":0.150069922208786,"y":-0.8475620150566101,"z":0.3236809968948364,"w":0.39292576909065249},"size":0.13588988780975343,"orthographic":false}