{"cameraMode":{"drawMode":0,"name":"Shaded","section":"Shading Mode"},"sceneLighting":false,"audioPlay":false,"sceneViewState":{"showFog":true,"showMaterialUpdate":false,"showSkybox":false,"showFlares":true,"showImageEffects":true,"showParticleSystems":true},"in2DMode":false,"pivot":{"x":465.5299987792969,"y":260.78997802734377,"z":-6.480000019073486},"rotation":{"x":-0.24268144369125367,"y":-0.6276121735572815,"z":0.21519985795021058,"w":-0.7078296542167664},"size":4.06089973449707,"orthographic":false}