{"cameraMode":{"drawMode":0,"name":"Shaded","section":"Shading Mode"},"sceneLighting":false,"audioPlay":false,"sceneViewState":{"showFog":true,"showMaterialUpdate":false,"showSkybox":false,"showFlares":true,"showImageEffects":true,"showParticleSystems":true},"in2DMode":false,"pivot":{"x":-107.4408187866211,"y":48.58518981933594,"z":150.28065490722657},"rotation":{"x":-0.03928042948246002,"y":-0.3701455593109131,"z":0.015688534826040269,"w":-0.9280592203140259},"size":284.0188903808594,"orthographic":false}