{"cameraMode":{"drawMode":0,"name":"Shaded","section":"Shading Mode"},"sceneLighting":true,"audioPlay":false,"sceneViewState":{"showFog":true,"showMaterialUpdate":false,"showSkybox":true,"showFlares":true,"showImageEffects":true,"showParticleSystems":true},"in2DMode":false,"pivot":{"x":-12.483112335205079,"y":-21.0233211517334,"z":38.627593994140628},"rotation":{"x":-0.23399175703525544,"y":0.1425829380750656,"z":-0.034754831343889239,"w":-0.9611491560935974},"size":61.841339111328128,"orthographic":false}