{"cameraMode":{"drawMode":0,"name":"Shaded","section":"Shading Mode"},"sceneLighting":false,"audioPlay":false,"sceneViewState":{"showFog":true,"showMaterialUpdate":false,"showSkybox":false,"showFlares":true,"showImageEffects":true,"showParticleSystems":true},"in2DMode":false,"pivot":{"x":-2.6018965244293215,"y":-1.6050527095794678,"z":3.825761079788208},"rotation":{"x":0.24510253965854646,"y":-0.28946933150291445,"z":0.076979860663414,"w":0.9221123456954956},"size":4.033116340637207,"orthographic":false}