{"cameraMode":{"drawMode":0,"name":"Shaded","section":"Shading Mode"},"sceneLighting":false,"audioPlay":false,"sceneViewState":{"showFog":true,"showMaterialUpdate":false,"showSkybox":false,"showFlares":true,"showImageEffects":true,"showParticleSystems":true},"in2DMode":false,"pivot":{"x":-32.08592987060547,"y":-4.98607063293457,"z":-2.3566503524780275},"rotation":{"x":-0.15884491801261903,"y":-0.8396351337432861,"z":0.3468884825706482,"w":-0.3880695104598999},"size":17.28036117553711,"orthographic":false}