{"cameraMode":{"drawMode":0,"name":"Shaded","section":"Shading Mode"},"sceneLighting":false,"audioPlay":false,"sceneViewState":{"showFog":true,"showMaterialUpdate":false,"showSkybox":false,"showFlares":true,"showImageEffects":true,"showParticleSystems":true},"in2DMode":false,"pivot":{"x":-36.92990493774414,"y":1.1194732189178467,"z":28.18208885192871},"rotation":{"x":-0.2470931112766266,"y":-0.6200689673423767,"z":0.21488884091377259,"w":-0.7129839062690735},"size":1.895045280456543,"orthographic":false}