{"cameraMode":{"drawMode":0,"name":"Shaded","section":"Shading Mode"},"sceneLighting":false,"audioPlay":false,"sceneViewState":{"showFog":true,"showMaterialUpdate":false,"showSkybox":false,"showFlares":true,"showImageEffects":true,"showParticleSystems":true},"in2DMode":false,"pivot":{"x":-34.041996002197269,"y":1.793448567390442,"z":5.172553062438965},"rotation":{"x":-0.07145819067955017,"y":0.8694716095924377,"z":-0.13193604350090028,"w":-0.47070854902267458},"size":0.8967991471290588,"orthographic":false}