{"cameraMode":{"drawMode":0,"name":"Shaded","section":"Shading Mode"},"sceneLighting":false,"audioPlay":false,"sceneViewState":{"showFog":true,"showMaterialUpdate":false,"showSkybox":false,"showFlares":true,"showImageEffects":true,"showParticleSystems":true},"in2DMode":false,"pivot":{"x":2.488358497619629,"y":-1.677470326423645,"z":-1.7683696746826172},"rotation":{"x":0.06999285519123078,"y":0.9283270835876465,"z":-0.28595012426376345,"w":0.22715552151203156},"size":2.857893466949463,"orthographic":false}